Slang;Formal
ga;tidak
ngaruh;berpengaruh
man;kawan
pake;pakai
emg;memang
kaco;kacau
baharu;baru
amp;dan
gajian;menerima gaji
jual;menjual
beli;membeli
snk;syarat dan ketentuan
fast;cepat
no;tidak
fee;biaya
capex;pengeluaran modal
nvda;nvidia
mampa;mampu
buybackdividen;pembelian kembali dan dividen
assetlight;aset ringan
nflx;netflix
omset;pendapatan
x;kali
iyah;iya
tp;tapi
ku;aku
to;try out
inten;intensif
pengen;ingin
hiks;sedih
karna;karena
valuenilai;nilai
blogh;blog
emosii;emosi
nggacawecawe;tidak ikut campur
donk;dong
nnt;nanti
gx;tidak
gua;saya
sm;sama
dpt;dapat
lu;kamu
dollar;dolar
bgt;banget
gw;ada
ekonomiberkelanjutan;adalah
duit;adanya
rp;adapun
dr;agak
jutabayar;agaknya
kek;agar
bikin;akan
amp;akankah
plus;akhir
dah;akhiri
kalo;akhirnya
jt;aku
rb;akulah
lg;amat
udh;amatlah
idr;anda
lu;andalah
no;antar
ekonomiterjaga;antara
rupiahgram;antaranya
kl;apa
ntar;apaan
be like;apabila
aja;apakah
dah;apalagi
anjir;apatah
begimana;artinya
online;asal
offline;asalkan
gpp;atas
the;atau
struggle;ataukah
is;ataupun
real;awal
okeh;awalnya
mak;bagai
tp;bagaikan
xpa;bagaimana
yg;bagaimanakah
faham;bagaimanapun
gue;bagi
korona;bagian
labtop;bahkan
sohib;bahwa
gak;bahwasanya
tak;baik
gru;bakal
klo;bakalan
ksi;balik
g;banyak
dgn;bapak
trs;baru
lgi;bawah
ny;beberapa
lgi;begini
jdi;beginian
dobell;beginikah
scroll;beginilah
lo;begitu
nggak;begitukah
byk;begitulah
maksuf;begitupun
responsive;bekerja
good luck;belakang
nih;belakangan
ad;belum
karna;belumlah
tsb;benar
njing;benarkah
deadline;benarlah
group;berada
parents;berakhir
ayolohhh;berakhirlah
mamah;berakhirnya
twt;berapa
akhibat;berapakah
tu;berapalah
org;berapapun
saya;berarti
pinjem;berawal
ortu;berbagai
yookkk;berdatangan
cutiepie;beri
mami;berikan
d;berikut
ngeblank;berikutnya
ibuk;berjumlah
lgsg;berkali-kali
hadeeeh;berkata
memori;berkehendak
anjim;berkeinginan
plis;berkenaan
bund;berlainan
listri;berlalu
ottoke;berlangsung
ampe;berlebihan
kek;bermacam
ga;bermacam-macam
bener;bermaksud
amat;bermula
yak;bersama
nanya;bersama-sama
jgn;bersiap
yuk;bersiap-siap
tdk;bertanya
waduh;bertanya-tanya
kalo;berturut
gamampu;berturut-turut
yauda;bertutur
my;berujar
story;berupa
end;besar
ajaa;betul
budget;betulkah
exactly;biasa
gaada;biasanya
gunanyaa;bila
onlen;bilakah
banget;bisa
alhamdulillah;bisakah
bgt;boleh
gaperlu;bolehkah
gaes;bolehlah
dapet;buat
hadu;bukan
gaess;bukankah
susar;bukanlah
belamra;bukannya
bagaiman;bulan
sm;bung
kaya;cara
privacy;caranya
yaudah;cukup
orng;cukupkah
pd;cukuplah
udh;cuma
kl;dahulu
ky;dalam
tim;dan
I did;dapat
asik;dari
mampis;daripada
mampos;datang
mampus;dekat
yu;demi
dlu;demikian
baubau;demikianlah
new;dengan
pake;depan
naruh;di
job;dia
kel;diakhiri
on;diakhirinya
ni;dialah
nk;diantara
share;diantaranya
math;diberi
sikit;diberikan
take;diberikannya
guys;dibuat
gengs;dibuatnya
girls;didapat
yuks;didatangkan
check;digunakan
ngabs;diibaratkan
on;diibaratkannya
cam;diingat
buk;diingatkan
pengin;diinginkan
ngak;dijawab
klau;dijelaskan
bnget;dijelaskannya
dear;dikarenakan
bangettt;dikatakan
anjinggg;dikatakannya
muluuu;dikerjakan
taii;diketahui
taii;diketahuinya
bego;dikira
kek;dilakukan
abisan;dilalui
yukk;dilihat
request;dimaksud
yng;dimaksudkan
chattingan;dimaksudkannya
horror;dimaksudnya
horor;diminta
jilbab;dimintai
tura;dimisalkan
turu;dimulai
ujug;dimulailah
japri;dimulainya
mhsw;dimungkinkan
rek;dini
piye;dipastikan
masamu;diperbuat
pen;diperbuatnya
ngk;dipergunakan
open;diperkirakan
santuy;diperlihatkan
cuman;diperlukan
cuma;diperlukannya
kayanya;dipersoalkan
anda;dipertanyakan
pc;dipunyai
fix;diri
bejibun;dirinya
hunting;disampaikan
alesan;disebut
cekkkk;disebutkan
emang;disebutkannya
fighting;disini
mahasiswai;disinilah
taik;ditambahkan
doi;ditandaskan
panikgogi;ditanya
inj;ditanyai
onlineshittt;ditanyakan
apaa;ditegaskan
nihhh;ditujukan
ama;ditunjuk
selese;ditunjuki
gegara;ditunjukkan
kelarrrr;ditunjukkannya
jadika;ditunjuknya
kongkret;dituturkan
smpe;dituturkannya
mls;diucapkan
boker;diucapkannya
buanyakkkk;diungkapkan
bangettt;dong
sampek;dua
tapiiiii;dulu
teross;empat
weekend;enggak
utk;enggaknya
mamposs;entah
kao;entahlah
nak;guna
bnr;gunakan
gw;hal
pliss;hampir
pak;hanya
bu;hanyalah
kg;hari
tetep;harus
onlineeeeeeeee;haruslah
taudehhh;harusnya
ngantukkkk;hendak
nggk;hendaklah
midtest;hendaknya
bgst;hingga
classroom;ia
class;ialah
dedlen;ibarat
njim;ibaratkan
abis;ibaratnya
mid;ibu
human;ikut
diacc;ingat
acc;ingat-ingat
ngelag;ingin
trus;inginkah
bun;inginkan
rekomendasii;ini
tetp;inikah
bpkny;inilah
ngantuqqq;itu
gasi;itukah
momen;itulah
moment;jadi
moments;jadilah
mantapp;jadinya
pala;jangan
ibuknyaa;jangankan
mon;janganlah
maap;jauh
ye;jawab
lelet;jawaban
aamiin;jawabnya
notif;jelas
njirr;jelaskan
kayak;jelaslah
linglung;jelasnya
wa;jika
whatsap;jikalau
tibatiba;juga
tggl;jumlah
tgl;jumlahnya
sem;justru
poor;kala
me;kalau
mabok;kalaulah
dikiiit;kalaupun
diem;kalian
rule;kami
kaga;kamilah
paakk;kamu
pak;kamulah
ceritaa;kan
ceritaaa;kapan
please;kapankah
lemot;kapanpun
reposted;karena
moodiyan;karenanya
moody;kasus
cewe;kata
tranding;katakan
trending;katakanlah
paansi;katanya
mles;ke
bet;keadaan
sopinter;kebetulan
au;kecil
bangsaadd;kedua
beloom ;keduanya
ajg;keinginan
ngg;kelamaan
sobi;kelihatan
sobat;kelihatannya
apalagu;kelima
tgs;keluar
allaah;kembali
apain;kemudian
bangub;kemungkinan
lag;kemungkinannya
ambyar;kenapa
trosss;kepada
tross;kepadanya
anying;kesampaian
nanyak;keseluruhan
kyk;keseluruhannya
skrng;keterlaluan
skrg;ketika
e learning;khususnya
gae;kini
pdhl;kinilah
pdahal;kira
pdhal;kira-kira
mimin;kiranya
min;kita
engga;kitalah
iyaa;kok
iyaaa;kurang
iyy;lagi
iy;lagian
yes;lah
y;lain
dr;lainnya
dri;lalu
sumbe;lama
swipe;lamanya
bngt;lanjut
kir;lanjutnya
dosenya;lebih
log out;lewat
biasany;lima
ternyta;luar
msih;macam
join;maka
bapanya;makanya
tpi;makin
pda;malah
here;malahan
we;mampu
go;mampukah
again;mana
poto;manakala
photo;manalagi
ss;masa
dpt;masalah
idung;masalahnya
glowing;masih
wlwpun;masihkah
kw;masing
belon;masing-masing
pakabar;mau
ntah;maupun
gaberani;melainkan
seblm;melakukan
kezzzel;melalui
capek;melihat
cape;melihatnya
nnti;memang
nti;memastikan
tahajuddan;memberi
gwe;memberikan
belom;membuat
mw;memerlukan
bwt;memihak
amatt;meminta
yuuuu;memintakan
yuu;memisalkan
bbrp;memperbuat
plus;mempergunakan
jg;memperkirakan
ituu;memperlihatkan
tuuu;mempersiapkan
tuh;mempersoalkan
anjp;mempertanyakan
anj;mempunyai
essensial;memulai
jugak;memungkinkan
sebel;menaiki
unek;menambahkan
next;menandaskan
krusial;menanti
tar;menanti-nanti
berenti;menantikan
takan;menanya
dlm;menanyai
adl;menanyakan
hrs;mendapat
handsanitazer;mendapatkan
mba;mendatang
mas;mendatangi
mbak;mendatangkan
error;menegaskan
eror;mengakhiri
gokill;mengapa
gokilll;mengatakan
read;mengatakannya
shop;mengenai
bangt;mengerjakan
gaksuka;mengetahui
drakor;menggunakan
drama korea;menghendaki
toddler;mengibaratkan
kasian;mengibaratkannya
why;mengingat
what;mengingatkan
how;menginginkan
also;mengira
blur;mengucapkan
elah;mengucapkannya
mulu;mengungkapkan
nongol;menjadi
bug;menjawab
sekolahhh;menjelaskan
sekolahh;menuju
leyeh;menunjuk
thank ;menunjuki
you;menunjukkan
mood;menunjuknya
ofline;menurut
knp;menuturkan
power;menyampaikan
mkn;menyangkut
bs;menyatakan
yaallah;menyebutkan
ajaa;menyeluruh
ancur;menyiapkan
facial;merasa
nder;mereka
rapog;merekalah
sbb;merupakan
pgi;meski
liat;meskipun
off;meyakini
assignment;meyakinkan
assignments;minta
right;mirip
so;misal
kal;misalkan
gt;misalnya
duhh;mula
trs;mulai
logout;mulailah
amattt;mulanya
kaliii;mungkin
yaah;mungkinkah
xmau;nah
bljar;naik
pingin;namun
somehow;nanti
miss;nantinya
life;nyaris
almost;nyatanya
every;oleh
day;olehnya
meninggoy;pada
idup;padahal
interacting;padanya
with;pak
people;paling
blas;panjang
standart;pantas
amburadul;para
atuh;pasti
bat;pastilah
bangettt;penting
mmbuat;pentingnya
anjj;per
screenshots;percuma
krn;perlu
runut;perlukah
bnyk;perlunya
emak;pernah
ud;persoalan
samaa;pertama
sedihhh;pertama-tama
sedihh;pertanyaan
banyaaak;pertanyakan
banyaak;pihak
rilek;pihaknya
je;pukul
exam;pula
dahla;pun
tak;punya
room;rasa
worth it;rasanya
storytell;rata
ttg;rupanya
bosen;saat
bocah;saatnya
fis;saja
bio;sajalah
ujan;saling
gada;sama
udahlah;sama-sama
sambi;sambil
gimanaaa;sampai
ak;sampai-sampai
ayok;sampaikan
reply;sana
too;sangat
pusingg;sangatlah
pusinggg;satu
duh;saya
kls;sayalah
krna;se
feel;sebab
u;sebabnya
ade;sebagai
lg;sebagaimana
pngn;sebagainya
spt;sebagian
duel;sebaik
circle;sebaik-baiknya
kopid;sebaiknya
cok;sebaliknya
semangatt;sebanyak
semangattt;sebegini
have;sebegitu
nice;sebelum
first;sebelumnya
all;sebenarnya
sbaikmya;seberapa
anxiety;sebesar
submit;sebetulnya
etc;sebisanya
dll;sebuah
sekarangg;sebut
course;sebutlah
courses;sebutnya
kesel;secara
super;secukupnya
mencar;sedang
ato;sedangkan
udeh;sedemikian
enggak;sedikit
smt;sedikitnya
workshop;seenaknya
amat;segala
kdg;segalanya
karna;segera
tpb;seharusnya
see;sehingga
mayan;seingat
mayann;sejak
pdaku;sejauh
secape;sejenak
time;sejumlah
w;sekadar
setaun;sekadarnya
taun;sekali
mamposla;sekali-kali
focus;sekalian
twit;sekaligus
cepet;sekalipun
help;sekarang
emg;sekarang
gmn;sekecil
lets;seketika
support;sekiranya
each;sekitar
other;sekitarnya
public;sekurang-kurangnya
speaking;sekurangnya
poll;sela
kea;selain
gestur;selaku
gesture;selalu
enaaa;selama
haih;selama-lamanya
jhe;selamanya
face;selanjutnya
to;seluruh
convert;seluruhnya
clinical;semacam
years;semakin
inimah;semampu
abistu;semampunya
february;semasa
january;semasih
reti;semata
wis;semata-mata
wae;semaunya
apply;sementara
project;semisal
twit;semisalnya
respect;sempat
kudu;semua
them;semuanya
set;semula
bsk;sendiri
hadie;sendirian
iyha;sendirinya
mama;seolah
mami;seolah-olah
jug;seorang
then;sepanjang
fully;sepantasnya
boss;sepantasnyalah
hallo;seperlunya
aje;seperti
bundz;sepertinya
apus;sepihak
itung;sering
nnton;seringnya
trouble;serta
diuruss;serupa
njir;sesaat
takda;sesama
gtgt;sesampai
practical;sesegera
boong;sesekali
kepake;seseorang
suke;sesuatu
sapa;sesuatunya
semuanyaaaaaa;sesudah
student;sesudahnya
students;setelah
slalu;setempat
miiin;setengah
telp;seterusnya
aj;setiap
mudeng;setiba
loss;setibanya
ilang;setidak-tidaknya
emmak;setidaknya
jjur;setinggi
bru;seusai
semwa;sewaktu
gedeg;siap
yabalik;siapa
and;siapakah
login;siapapun
mo;sini
ngapaain;sinilah
offcam;soal
oncam;soalnya
bomat;suatu
sad;sudah
mmg;sudahkah
masuklh;sudahlah
diem;supaya
bln;tadi
je;tadinya
jatoh;tahu
jatohnya;tahun
mmf;tak
jbjb;tambah
gtu;tambahnya
heyy;tampak
morning;tampaknya
dh;tandas
gi;tandasnya
smngt;tanpa
kuis;tanya
cardi;tanyakan
kampretos;tanyanya
wkt;tapi
bestfriend;tegas
morningg;tegasnya
morninggg;telah
kak;tempat
everyone;tengah
met;tentang
she;tentu
like;tentulah
ngadi;tentunya
split;tepat
saking;terakhir
smkin;terasa
rajiiiin;terbanyak
stand by;terdahulu
pls;terdapat
uda;terdiri
shit;terhadap
shits;terhadapnya
really;teringat
need;teringat-ingat
someone;terjadi
talk;terjadilah
bodo;terjadinya
amat;terkira
group;terlalu
adek;terlebih
masi;terlihat
school;termasuk
relate;ternyata
gimanaa;tersampaikan
puyeng;tersebut
achievement;tersebutlah
tai;tertentu
kasi;tertuju
leha;terus
perfect;terutama
attendaance;tetap
jawapan;tetapi
jadual;tiap
hape;tiba
slow;tiba-tiba
noti;tidak
because;tidakkah
sekaliii;tidaklah
msh;tiga
inget;tinggi
bang;toh
last;tunjuk
hapyyy;turut
dikick;tutur
intern;tuturnya
tidurrrrrr;ucap
ngzoom;ucapnya
damn;ujar
mostly;ujarnya
braw;umum
temen;umumnya
cont;ungkap
sregep;ungkapnya
jugaaa;untuk
blended;usah
dg;usai
kanca;waduh
akeh;wah
seko;wahai
lol;waktu
ges;waktunya
flat;walau
fandom;walaupun
fangirl;wong
abang;yaitu
ttp;yakin
moto;yakni
anjirt;yang
fak;anjing
abs;habis
wtf;anjing
out;keluar
drpd;daripada
puter;putar
make;buat
waktuny;waktu
selaluu;selalu
troboos;trobos
berenti;berhenti
stop;berhenti
emhnya;memang
td;tadi
grgr;gara
sob;teman
ngga;tidak
stupid;bodoh
nyambi;sambil
badmood;murung
demen;suka
kolor;boxer
diaa;dia
diaaa;dia
bukaan;bukan
international;internasional
officeeee;kantor
free;gratis
gitcu;gitu
darii;dari
uni;universitas
buna;ibu
bunanya;ibu
upload;unggah
story;cerita
kalii;kali
positip;positif
brooooooo;teman
bruuuhhhh;teman
webminar;webinar
skolah;sekolah
gimanasi;bagaimana
skap;skip
cmn;cuma
gblk;bodoh
jim;anjing
eek;beol
cuk;jancuk
sgt;sangat
taekk;tahi
that;itu
hate;benci
college;kuliah
offlen;luring
offlennya;luring
dama;sama
gapapaa;tidak apa
tell;beritahu
us;kami
will;akan
nannya;tanya
anjrit;anjing
smpt;sempat
ayen;aku
univ;universitas
nile;nilai
anjlog;turun
boi;anak
siah;bagaimana
napas;nafas
bernapas;nafas
robb;allah
dgrin;dengar
sek;masih
dikongkon;suruh
kongkon;suruh
najan;karena
salahno;salah
dkk;dsb
mder;teman
dat;itu
prnh;pernah
mhswnya;mahasiswa
mhsw;mahasiswa
kick;usir
paniiikkk;panik
paniikkk;panik
idupin;hidup
rank;peringkat
fav;favorit
masup;masuk
psti;pasti
dpn;depan
kamerlah;kamera
kamer;kamera
bangett;sekali
ngntuk;ngantuk
yutub;youtube
reeeeekk;teman
bangeeeeeeeeddd;sekali
even;bahkan
biasae;biasa
ttg;tentang
trmsk;termasuk
subject;subjek
he;dia
wants;ingin
happy;senang
combination;kombinasi
dude;teman
what;apa
wrong;salah
crack;pecah
serek;serak
or;atau
jwb;jawab
scr;secara
balance;imbang
left;keluar
kat;dekat
dek;dik
nyokap;ibu
bokap;bapak
wit;twitter
brisik;berisik
bcs;karena
dikasi;kasih
slese;selesai
mggu;minggu
menabahh;tambah
nabah;tambah
gasin;gas
gass;gas
gasss;gas
hayu;ayo
abah;bapak
sklh;sekolah
boring;bosan
pagiiiiii;pagi
hayo;ayo
home;rumah
ketiwi;tawa
ketawa;tawa
sampe;sampai
alfa;alpa
hr;hari
br;baru
mincot;admin
iyhh;iya
team;grup
gemeter;getar
kelar;selesai
kaak;kakak
bobooo;tidur
bobo;tidur
bobok;tidur
njirrrr;anjing
mellow;lembut
prefer;suka
naok;naik
naro;taruh
by;dari
ori;asli
yt;youtube
jk;gurau
mtk;matematika
saiki;sekarang
blass;blas
po;apa
call;telpon
mhs;mahasiswa
tauu;tahu
arek;anak
ambis;ambisius
blank;kosong
sja;saja
voice;suara
syg;sayang
fake;palsu
mblenger;terlalu
walo;walau
walopun;walau
kekeuh;kukuh
yaambunnn;allah
punggu;punggung
alesan;alasan
redirect;alih
nyatet;catat
bakal;akan
bakalan;akan
bkalan;akan
leave;keluar
cengini;siang
gi;lagi
dm;pesan
volunteer;relawan
kagok;susah
ngelambe;bicara
personal;pribadi
rotate;putar
takpa;tidak apa
dpt;dapat
ssejak;sejak
coroni;corona
beres;selesai
sumpahh;sumpah
sumpahhh;sumpah
tuhhh;itu
harusnyaa;harus
praktek;praktik
les;kursus
mimin;admin
mas;kakak
bapack;bapak
drop;jatuh
pulak;pula
give;beri
away;jauh
aslii;asli
mksudnya;maksud
mksud;maksud
kyknya;seperti
ja;saja
duk;duduk
cakap;bicara
rejeki;rezeki
rizki;rezeki
rizkinya;rezeki
rejekinya;rezeki
ujan;hujan
maybe;mungkin
brou;kakak
keep;simpan
spirit;semangat
focus;fokus
prayer;doa
believe;percaya
can;dapat
skola;sekolah
gatauuu;tidak tahu
perna;pernah
tolol;bodoh
murid;siswa
ngaco;kacau
jela;saja
book;buku
ikit;ikut
pape;apa
hrsnya;harus
mlu;selalu
see;lihat
liat;lihat
pertma;pertama
tdr;tidur
anjm;anjing
repeat;ulang
pgn;ingin
gtloh;gitu
ktmu;temu
bodo;bodoh
sik;masih
smlm;malam
looooove;cinta
in;di
sembuhhhhh;sembuh
mcm;macam
dgr;dengar
tgk;lihat
dst;dsb
cepetaaan;cepat
university;universitas
coronces;corona
apsen;absen
apalgi;apa
ade;adik
adenya;adik
buanyak;banyak
baique;baik
as;sebagai
contact;kontak
jur;jurusan
mnyimak;simak
fifty;limapuluh
dedel;susah
sby;surabaya
mna;mana
pagii;pagi
sbg;sebagai
beginiiiiii;begini
sekaliiii;sekali
kawan;teman
listen;dengar
up;atas
pede;percaya diri
pd;percaya diri
maleeees;malas
like;suka
duit;uang
duid;uang
money;uang
triak;teriak
noooo;tidak
ajj;anjing
sister;kakak
brother;kakak
nite;malam
esok;besok
equals;sama
lamaaaaa;lama
lamaaaa;lama
lamaaa;lama
lamaa;lama
yailaaah;allah
maksain;paksa
manaa;mana
full;penuh
award;penghargaan
kene;sini
mention;sebut
degdegan;deg
gituu;gitu
gituuu;gitu
yainti;inti
yaintinya;inti
gatau;tidak tahu
hype;terkenal
burem;buram
smpe;sampai
muluu;selalu
alhasil;hasil
cont;lanjut
makasii;terimakasih
makasi;terimakasih
touch;sentuh
ileran;liur
thinking;pikir
maksd;maksud
maksdny;maksud
maksdnya;maksud
mkst;maksud
mkstnya;maksud
ngewe;mesum
pr;tugas
justice;adil
manjun;manjur
stadd;ustaz
stay;tinggal
healthy;sehat
brrti;arti
ka;kakak
kreta;kereta
berbeza;beda
mantep;mantap
friver;kemudi
bgsd;bangsat
ngapa;apa
ngapain;apa
stres;stress
back;kembali
start;mulai
batre;baterai
batrenya;baterai
pengen;ingin
tuker;tukar
tukeran;tukar
time;waktu
oncam;kamera
msuk;masuk
socialize;sosialisasi
need;butuh
don;tidak
lngsung;langsung
bngun;bangun
shopping;belanja
postpone;tunda
comment;komentar
sorry;maaf
not;tidak
for;untuk
kuh;aku
akuu;aku
bcs;karena
yukkk;ayo
sendiriiii;sendiri
nderrr;teman
sirkel;lingkaran
boro;jangan
tkt;takut
graduate;lulus
hactic;sibuk
hectic;sibuk
malem;malam
fikiran;pikir
fikir;pikir
begokk;bodoh
btw;omong
berasaaa;rasa
guee;aku
gasi;tidak
allahuu;allah
bisnes;bisnis
sebenarnyaaa;benar
allahu;allah
service;layan
spot;titik
anjr;anjing
dont;jangan
things;hal
getting;jadi
worse;buruk
dunt;tidak
hv;punya
friends;teman
diff;beda
bawel;cerewet
mkin;semakin
jek;ojek
giveaway;hadiah
baij;baik
sgt;sekali
nga;tidak
gada;tidak ada
ocehan;omong
oceh;omong
lbh;lebih
pass;pas
gk;tidak
terbaikkkkk;baik
very;sangat
nice;baik
idea;ide
pandemik;pandemi
rapih;rapi
manage;atur
mgga;tidak
pastu;pasti
signal;jaringan
inimah;ini
benr;benar
fuck;persetan
luama;lama
tegor;tegur
ditegor;tegur
anjeng;anjing
quota;kuota
dsj;dsb
unfair;tidak adil
btul;betul
ofc;tentu
kerumahz;rumah
rumahz;rumah
enek;eneg
encourage;semangat
hadeh;aduh
automatically;auto
done;sudah
thanks;terimakasih
wish;harap
luck;beruntung
mantau;pantau
donlod;unduh
download;unduh
least;setidaknya
bye;selamat tinggal
byebye;selamat tinggal
mamah;ibu
enau;enak
god;tuhan
nimb;nimbun
mlah;malah
smst;semester
set;setengah
weekdays;pekan
uninstal;uninstall
gausah;tidak
cman;cuma
aing;aku
manteman;teman
gapake;tidak pakai
hijab;kerudung
anjae;anjing
anjayani;anjing
proper;layak
dec;desember
brng;bareng
gaspol;gas
rapot;raport
rampyungg;sudah
maning;lagi
ngesuk;besok
esih;masih
pressure;tekanan
maloe;malu
astagaaa;astaga
lalen;lupa
hustle;ramai
kebablasan;kelewat
bablasa;kelewat
lebi;lebih
abiji;nilai
event;acara
setidakmungkin;tidak mungkin
berak;beol
thought;pikir
cuddling;peluk
deadass;mati
refers;tuju
satuu;satu
sakitt;sakit
semogaaa;semoga
teruss;terus
everyday;setiap hari
gils;gila
uga;juga
dengaaaan;dengan
maraton;marathon
dinner;makan malam
client;klien
useless;tidak berguna
caper;cari perhatian
caperr;cari perhatian
caperrr;cari perhatian
item;hitam
belajarpun;belajar
elahhh;allah
mapelah;mapel
only;hanya
our;kami
one;satu
angell;susah
pleciden;presiden
through;lewat
dag;deg
dig;deg
dug;deg
sagne;mesum
ngekick;usir
hbis;habis
maniiis;manis
details;detil
wasap;whatsapp
standby;tinggal
love;suka
texting;obrol
text;obrol
outfit;pakaian
kantung;kantong
mrasa;merasa
thdp;hadap
malaya;malaysia
indo;indonesia
play;main
sleep;tidur
skrang;sekarang
jirr;anjing
flop;gagal
survive;bertahan
best;terbaik
feeling;perasaan
poadcast;podcast
sometimes;kadang
test;ujian
quiz;kuis
final;akhir
dewee;sendiri
crash;tabrak
yaudahlaa;sudah
months;bulan
dahhh;sudah
jwabin;jawab
mislkn;misal
jwbn;jawab
tkut;takut
mirit;siswa
hqq;hakiki
aminn;amin
poop;beol
sndri;sendiri
camping;kemah
doh;aduh
apps;aplikasi
app;aplikasi
sya;aku
bkan;bukan
spupu;sepupu
laqnat;laknat
eskul;ekstrakulikuler
ngilang;hilang
sist;kakak
luv;sayang
sabi;bisa
interact;interaksi
muridnya;siswa
apakbar;apa kabar
opsi;pilihan
recorder;rekam
nongkrong;kumpul
nongki;kumpul
wonge;orang
ancen;memang
iki;ini
lag;lambat
asu;anjing
udahan;sudah
aq;aku
ibun;ibu
ayah;bapak
gasanggup;tidak sanggup
manut;nurut
rank;peringkat
rangking;peringkat
skarang;sekarang
mindset;pikir
jugaaaaa;juga
asuuuuuu;anjing
bokep;porno
ngebokep;porno
taiiii;tahi
point;titik
pasrahh;pasrah
yaudahla;sudah
kagettt;kaget
tricky;rumit
edgy;gelisah
buosen;bosan
expectation;harap
reality;realitas
attack;serang
dahal;padahal
ttep;tetap
msk;masuk
silent;diam
kulaih;kuliah
ijin;izin
emng;memang
smph;sumpah
excited;semangat
makasih;terimakasih
mngkin;mungkin
apala;apa
decided;memutuskan
masturbate;masturbasi
denger;dengar
kmrn;kemarin
kemaren;kemarin
bdg;bandung
ikutt;ikut
oengen;ingin
kelen;kalian
lamaaaaa;lama
fresh;segar
kuliat;lihat
isoo;bisa
abes;habis
muzikgempak;musik
pinter;pintar
diaa;dia
jugaa;juga
males;malas
hariini;hari
smgt;semangat
konsen;konsentrasi
fav;suka
tehthering;tethering
sialllllllllll;sial
tmn;teman
cowo;cowok
sumpe;sumpah
cheating;curang
cheat;curang
kakel;kakak tingkat
sangatttt;sangat
habisla;habis
keasikan;asyik
regis;registrasi
itung;hitung
welcome;selamat datang
muk;ingin
masterpiece;mahakarya
cororong;corona
gatay;tidak tahu
entar;nanti
nongkrrong;kumpul
eren;keren
iyegahhh;tidak
dirumaahh;rumah
mandipun;mandi
dha;sudah
korona;corona
klen;kalian
anjg;anjing
beneerr;benar
bangeettt;sekali
bpk;bapak
macem;macam
adlh;adalah
penat;pusing
sekola;sekolah
tapii;tapi
kdng;kadang
kaliam;kalian
hayuk;ayo
party;pesta
embo;tidak tahu
bolot;tuli
budeg;tuli
omg;tuhan
bundir;bunuh diri
pengin;ingin
sad;sedih
alpokat;alpukat
avocado;alpukat
reformasj;reformasi
tkut;tidak
mengajarr;ajar
ajarr;ajar
cintaim;cinta
probably;mungkin
overthinking;pikir
betulllll;benar
doswn;dosen
seger;segar
rona;corona
sepineee;sepi
polllllll;sangat
orgorg;orang
dn;dan
mudeng;paham
problem;masalah
hrus;harus
schedule;jadwal
gasik;tidak
stgh;setengah
goblokkk;bodoh
lagiiii;lagi
alloh;allah
ln;lain
gaadak;tidak ada
jaman;zaman
etapi;tapi
bgtt;sekali
iyaaaaa;iya
sng;senang
connection;koneksi
ikt;ikut
adapted;adaptasi
seneng;senang
weird;aneh
konsul;konsultasi
pa;bapak
maloee;malu
lagii;lagi
pakek;pakai
semangak;semangat
menurutgw;nurut
tbh;jujur
internship;magang
scholarship;beasiswa
ilmunyaaa;ilmu
djancokk;jancuk
serep;serap
enjoy;nikmat
plan;rencana
hopefully;harap
ginii;begini
brpa;berapa
tarsoktarsok;nanti
panikk;panik
bangeeet;sekali
ambyarrrrr;hancur
ampunddd;ampun
maen;main
wayahe;waktu
hape;hp
entok;dapat
kiraiin;kira
asw;anjing
monangesss;nangis
punyaaaaa;punya
adi;adik
pgen;ingin
music;musik
favorite;suka
sbgai;sebagai
gabs;tidak bisa
jdny;jadi
gada;tidak ada
sajahh;saja
bapa;bapak
without;tanpa
bilding;gedung
stuffs;barang
normalize;normal
kmi;kami
afternoon;sore
gilak;gila
ndaa;tidak
gituu;gitu
mslah;masalah
drumah;rumah
tntang;tentang
ripyuu;tinjau
sinyal;jaringan
meneh;lagi
anaku;anak
aja;saja
akn;akan
aku;saya
amien;aamiin
amin;aamiin
and;dan
anda;kamu
ane;saya
ap;apa
aps;apa
aq;saya
bag;bagian
banget;sangat
beud;sangat
bgmn;bagaimana
bgt;sangat
bkan;bukan
bl;bila
blg;bilang
blh;boleh
blm;belum
blm;belum
blom;belum
blum;belum
bpk;bapak
bs;bisa
bsa;bisa
bsk;besok
cb;coba
cm;hanya
cma;hanya
cuma;hanya
d;di
dg;dengan
dgn;dengan
dlm;dalam
dn;dan
dng;dengan
dpt;dapat
dr;dari
dr;dari
drpd;daripada
dsar;dasar
dy;dia
dya;dia
en;dan
enggak;tidak
ente;kamu
g;tidak
ga;tidak
gak;tidak
gitu;begitu
gk;tidak
gt;begitu
gtau;tidak tahu
gua;saya
gub;gubernur
gue;saya
gw;saya
hny;hanya
hrs;harus
hrs;harus
hrus;harus
insaallah;insyaa allah
insallah;insyaa allah
insyaallah;insyaa allah
insyallah;insyaa allah
iye;iya
jd;jadi
jdi;jadi
jg;juga
jga;juga
jgn;jangan
jgn;jangan
jlas;jelas
jls;jelas
jng;jangan
kalo;kalau
karna;karena
kau;kamu
kayak;seperti
kl;kalau
klh;kalah
klo;kalau
klu;kalau
klw;kalau
km;kamu
knapa;kenapa
ko;kok
kog;kok
koq;kok
kpada;kepada
kpd;kepada
kpd;kepada
kpn;kapan
kreatip;kreatif
krn;karena
ktm;ketemu
kya;seperti
lbh;lebih
lbih;lebih
lg;lagi
lgsg;langsung
lht;lihat
liat;lihat
liatin;lihat
lngsng;langsung
loe;kamu
loh;lho
lputan;liputan
lu;kamu
lw;kamu
med;selamat
mentri;menteri
met;selamat
mjd;menjadi
mksd;maksud
mngalami;mengalami
mngubah;mengubah
mnjadi;menjadi
mntri;menteri
mo;mau
mw;mau
n;dan
n;dan
napa;kenapa
ndak;tidak
np;kenapa
ntn;nonton
ogut;saya
ok;oke
okay;oke
olh;oleh
org;orang
parpol;partai
pd;pada
pdhl;padahal
plh;pilih
poling;polling
prbndngan;perbandingan
president;presiden
prnh;pernah
rakyt;rakyat
rkyat;rakyat
rkyt;rakyat
rmh;rumah
sbg;sebagai
sdah;sudah
sdara;saudara
sdh;sudah
sdh;sudah
se7;setuju
se7;setuju
sgt;sangat
skp;sikap
skrng;sekarang
slah;salah
slera;selera
slh;salah
sm;sama
sm;sama
sngt;sangat
sodara;saudara
spt;seperti
ssh;susah
support;dukung
sy;saya
t4;tempat
tdk;tidak
th;tahun
trs;terus
ttg;tentang
tuit;tweet
tuwir;tua
udah;sudah
udh;sudah
utk;untuk
utk;untuk
w;saya
wa;saya
y;ya
yg;yang
yng;yang
endonesa;indonesia
ia;dia
